Handle,Title,Body (HTML),Vendor,Type,Tags,Published,Option1 Name,Option1 Value,Option2 Name,Option2 Value,Option3 Name,Option3 Value,Variant SKU,Variant Grams,Variant Inventory Tracker,Variant Inventory Policy,Variant Fulfillment Service,Variant Price,Variant Compare At Price,Variant Requires Shipping,Variant Taxable,Variant Barcode,Image Src,Image Position,Image Alt Text,Gift Card,SEO Title,SEO Description,Google Shopping / Google Product Category,Google Shopping / Gender,Google Shopping / Age Group,Google Shopping / MPN,Google Shopping / AdWords Grouping,Google Shopping / AdWords Labels,Google Shopping / Condition,Google Shopping / Custom Product,Google Shopping / Custom Label 0,Google Shopping / Custom Label 1,Google Shopping / Custom Label 2,Google Shopping / Custom Label 3,Google Shopping / Custom Label 4,Variant Image,Variant Weight Unit,Variant Tax Code,Cost per item
wool-tweed-newsboy-cap-for-men,Wool Tweed Newsboy Cap for Men,<p>Peaky blinder inspired cap for the hipster inside you!</p>,johnvincentio,Hipster hat,Hipster,true,Hat Size,62-63 cm,,,,,36538009-blue-62-63-cm,0.0,shopify,deny,oberlo,53.98,53.98,true,false,,https://cdn.shopify.com/s/files/1/0259/7522/6422/products/product-image-1390194141.jpg?v=1590798406,1,,false,,,,,,,,,,,,,,,,https://cdn.shopify.com/s/files/1/0259/7522/6422/products/product-image-1390194152.jpg?v=1590798408,lb,,
wool-tweed-newsboy-cap-for-men,,,,,,,,60-61 cm,,,,,36538009-blue-60-61-cm,0.0,shopify,deny,oberlo,53.98,53.98,true,false,,https://cdn.shopify.com/s/files/1/0259/7522/6422/products/product-image-1390194152.jpg?v=1590798408,2,,,,,,,,,,,,,,,,,,https://cdn.shopify.com/s/files/1/0259/7522/6422/products/product-image-1390194152.jpg?v=1590798408,lb,,
wool-tweed-newsboy-cap-for-men,,,,,,,,58-59 cm,,,,,36538009-blue-58-59-cm,0.0,shopify,deny,oberlo,53.98,53.98,true,false,,,,,,,,,,,,,,,,,,,,,https://cdn.shopify.com/s/files/1/0259/7522/6422/products/product-image-1390194152.jpg?v=1590798408,lb,,
wool-tweed-newsboy-cap-for-men,,,,,,,,56-57 cm,,,,,36538009-blue-56-57-cm,0.0,shopify,deny,oberlo,53.98,53.98,true,false,,,,,,,,,,,,,,,,,,,,,https://cdn.shopify.com/s/files/1/0259/7522/6422/products/product-image-1390194152.jpg?v=1590798408,lb,,
mens-fedora,Men's fedora,Fedoras are back in! Get this straw fedora for men and stand out from the crowd this summer.,johnvincentio,Summer hat,"",true,Color,Khaki,,,,,34088347-khaki-60-62cm,0.0,shopify,deny,oberlo,24.42,24.42,true,false,,https://cdn.shopify.com/s/files/1/0259/7522/6422/products/product-image-1264330798.jpg?v=1586080094,1,,false,,,,,,,,,,,,,,,,https://cdn.shopify.com/s/files/1/0259/7522/6422/products/product-image-1332981765.jpg?v=1586080097,lb,,
mens-fedora,,,,,,,,Magnolia,,,,,34088347-magnolia-60-62cm,0.0,shopify,deny,oberlo,24.42,24.42,true,false,,https://cdn.shopify.com/s/files/1/0259/7522/6422/products/product-image-1332981766.jpg?v=1586080096,2,,,,,,,,,,,,,,,,,,https://cdn.shopify.com/s/files/1/0259/7522/6422/products/product-image-1332981766.jpg?v=1586080096,lb,,
mens-fedora,,,,,,,,Black,,,,,34088347-black-60-62cm,0.0,shopify,deny,oberlo,24.42,24.42,true,false,,https://cdn.shopify.com/s/files/1/0259/7522/6422/products/product-image-1332981765.jpg?v=1586080097,3,,,,,,,,,,,,,,,,,,https://cdn.shopify.com/s/files/1/0259/7522/6422/products/product-image-1332981763.jpg?v=1586080098,lb,,
mens-fedora,,,,,,,,Gray,,,,,34088347-gray-60-62cm,0.0,shopify,deny,oberlo,24.42,24.42,true,false,,https://cdn.shopify.com/s/files/1/0259/7522/6422/products/product-image-1332981763.jpg?v=1586080098,4,,,,,,,,,,,,,,,,,,https://cdn.shopify.com/s/files/1/0259/7522/6422/products/product-image-1332981764.jpg?v=1586080104,lb,,
mens-fedora,,,,,,,,,,,,,,,,,,,,,,,https://cdn.shopify.com/s/files/1/0259/7522/6422/products/product-image-1332981764.jpg?v=1586080104,5,,,,,,,,,,,,,,,,,,,,,
3-part-knitted-wool-cap,3-part Knitted Wool Cap,3 part full face knitted wool cap. Perfect for winter!,johnvincentio,Winter hat,Winter,true,Color,Black,,,,,28986468-black,0.0,shopify,deny,oberlo,5.00,18.26,true,false,"",https://cdn.shopify.com/s/files/1/0259/7522/6422/products/product-image-1338651730.jpg?v=1586080092,1,,false,,,,,,,,,,,,,,,,https://cdn.shopify.com/s/files/1/0259/7522/6422/products/product-image-1338651736.jpg?v=1586080093,lb,,
3-part-knitted-wool-cap,,,,,,,,Beige,,,,,28986468-beige,0.0,shopify,deny,oberlo,18.26,18.26,true,false,,https://cdn.shopify.com/s/files/1/0259/7522/6422/products/product-image-1338651737.jpg?v=1586080092,2,,,,,,,,,,,,,,,,,,https://cdn.shopify.com/s/files/1/0259/7522/6422/products/product-image-1338651739.jpg?v=1586080093,lb,,
3-part-knitted-wool-cap,,,,,,,,Pink,,,,,28986468-pink,0.0,shopify,deny,oberlo,18.26,18.26,true,false,,https://cdn.shopify.com/s/files/1/0259/7522/6422/products/product-image-1338651741.jpg?v=1586080092,3,,,,,,,,,,,,,,,,,,https://cdn.shopify.com/s/files/1/0259/7522/6422/products/product-image-1338651737.jpg?v=1586080092,lb,,
3-part-knitted-wool-cap,,,,,,,,Brown,,,,,28986468-brown,0.0,shopify,deny,oberlo,18.26,18.26,true,false,,https://cdn.shopify.com/s/files/1/0259/7522/6422/products/product-image-1338651736.jpg?v=1586080093,4,,,,,,,,,,,,,,,,,,https://cdn.shopify.com/s/files/1/0259/7522/6422/products/product-image-1338651738.jpg?v=1586080094,lb,,
3-part-knitted-wool-cap,,,,,,,,Burgundy,,,,,28986468-burgundy,0.0,shopify,deny,oberlo,18.26,18.26,true,false,,https://cdn.shopify.com/s/files/1/0259/7522/6422/products/product-image-1338651739.jpg?v=1586080093,5,,,,,,,,,,,,,,,,,,https://cdn.shopify.com/s/files/1/0259/7522/6422/products/product-image-1338651740.jpg?v=1586080094,lb,,
3-part-knitted-wool-cap,,,,,,,,Navy Blue,,,,,28986468-navy-blue,0.0,shopify,deny,oberlo,18.26,18.26,true,false,,https://cdn.shopify.com/s/files/1/0259/7522/6422/products/product-image-1338651738.jpg?v=1586080094,6,,,,,,,,,,,,,,,,,,https://cdn.shopify.com/s/files/1/0259/7522/6422/products/product-image-1338651741.jpg?v=1586080092,lb,,
3-part-knitted-wool-cap,,,,,,,,,,,,,,,,,,,,,,,https://cdn.shopify.com/s/files/1/0259/7522/6422/products/product-image-1338651740.jpg?v=1586080094,7,,,,,,,,,,,,,,,,,,,,,
straw-braided-sunhat,Straw Braided Sunhat,<strong>﻿</strong>﻿Frayed scarecrow style straw sunhat perfect for summer!,johnvincentio,Summer hat,Summer,true,Color,Khaki,,,,,23814709-khaki-one-size,0.0,shopify,deny,oberlo,8.18,8.18,true,false,,https://cdn.shopify.com/s/files/1/0259/7522/6422/products/product-image-903956770.jpg?v=1586080091,1,,false,,,,,,,,,,,,,,,,https://cdn.shopify.com/s/files/1/0259/7522/6422/products/product-image-903956776.jpg?v=1586080094,lb,,
straw-braided-sunhat,,,,,,,,Coffee,,,,,23814709-coffee-one-size,0.0,shopify,deny,oberlo,8.18,8.18,true,false,,https://cdn.shopify.com/s/files/1/0259/7522/6422/products/product-image-903956777.jpg?v=1586080093,2,,,,,,,,,,,,,,,,,,https://cdn.shopify.com/s/files/1/0259/7522/6422/products/product-image-903956777.jpg?v=1586080093,lb,,
straw-braided-sunhat,,,,,,,,Beige,,,,,23814709-beige-one-size,0.0,shopify,deny,oberlo,8.18,8.18,true,false,,https://cdn.shopify.com/s/files/1/0259/7522/6422/products/product-image-903956778.jpg?v=1586080094,3,,,,,,,,,,,,,,,,,,https://cdn.shopify.com/s/files/1/0259/7522/6422/products/product-image-903956778.jpg?v=1586080094,lb,,
straw-braided-sunhat,,,,,,,,,,,,,,,,,,,,,,,https://cdn.shopify.com/s/files/1/0259/7522/6422/products/product-image-903956776.jpg?v=1586080094,4,,,,,,,,,,,,,,,,,,,,,
fedora,Fedora,Look stylish with this wool &amp; cotton fedora. Perfect to keep cool in summer.,johnvincentio,Summer hat,"",true,Color,Red,,,,,35307589-red,0.0,shopify,deny,oberlo,16.98,16.98,true,false,,https://cdn.shopify.com/s/files/1/0259/7522/6422/products/product-image-1341375841.jpg?v=1586080094,1,,false,,,,,,,,,,,,,,,,https://cdn.shopify.com/s/files/1/0259/7522/6422/products/product-image-1341375850.jpg?v=1586080096,lb,,
fedora,,,,,,,,Yellow,,,,,35307589-yellow,0.0,shopify,deny,oberlo,16.98,16.98,true,false,,https://cdn.shopify.com/s/files/1/0259/7522/6422/products/product-image-1341375849.jpg?v=1586080096,2,,,,,,,,,,,,,,,,,,https://cdn.shopify.com/s/files/1/0259/7522/6422/products/product-image-1341375855.jpg?v=1586080096,lb,,
fedora,,,,,,,,Purple,,,,,35307589-purple,0.0,shopify,deny,oberlo,16.98,16.98,true,false,,https://cdn.shopify.com/s/files/1/0259/7522/6422/products/product-image-1341375855.jpg?v=1586080096,3,,,,,,,,,,,,,,,,,,https://cdn.shopify.com/s/files/1/0259/7522/6422/products/product-image-1341375857.jpg?v=1586080097,lb,,
fedora,,,,,,,,Khaki,,,,,35307589-khaki,0.0,shopify,deny,oberlo,16.98,16.98,true,false,,https://cdn.shopify.com/s/files/1/0259/7522/6422/products/product-image-1341375850.jpg?v=1586080096,4,,,,,,,,,,,,,,,,,,https://cdn.shopify.com/s/files/1/0259/7522/6422/products/product-image-1341375853.jpg?v=1586080100,lb,,
fedora,,,,,,,,Black,,,,,35307589-black,0.0,shopify,deny,oberlo,16.98,16.98,true,false,,https://cdn.shopify.com/s/files/1/0259/7522/6422/products/product-image-1341375857.jpg?v=1586080097,5,,,,,,,,,,,,,,,,,,https://cdn.shopify.com/s/files/1/0259/7522/6422/products/product-image-1341375848.jpg?v=1586080097,lb,,
fedora,,,,,,,,Camel,,,,,35307589-camel,0.0,shopify,deny,oberlo,16.98,16.98,true,false,,https://cdn.shopify.com/s/files/1/0259/7522/6422/products/product-image-1341375854.jpg?v=1586080097,6,,,,,,,,,,,,,,,,,,https://cdn.shopify.com/s/files/1/0259/7522/6422/products/product-image-1341375847.jpg?v=1586080098,lb,,
fedora,,,,,,,,Wine Red,,,,,35307589-wine-red,0.0,shopify,deny,oberlo,16.98,16.98,true,false,,https://cdn.shopify.com/s/files/1/0259/7522/6422/products/product-image-1341375848.jpg?v=1586080097,7,,,,,,,,,,,,,,,,,,https://cdn.shopify.com/s/files/1/0259/7522/6422/products/product-image-1341375858.jpg?v=1586080098,lb,,
fedora,,,,,,,,Brown,,,,,35307589-brown,0.0,shopify,deny,oberlo,16.98,16.98,true,false,,https://cdn.shopify.com/s/files/1/0259/7522/6422/products/product-image-1341375858.jpg?v=1586080098,8,,,,,,,,,,,,,,,,,,https://cdn.shopify.com/s/files/1/0259/7522/6422/products/product-image-1341375861.jpg?v=1586080098,lb,,
fedora,,,,,,,,Army Green,,,,,35307589-army-green,0.0,shopify,deny,oberlo,16.98,16.98,true,false,,https://cdn.shopify.com/s/files/1/0259/7522/6422/products/product-image-1341375861.jpg?v=1586080098,9,,,,,,,,,,,,,,,,,,https://cdn.shopify.com/s/files/1/0259/7522/6422/products/product-image-1341375849.jpg?v=1586080096,lb,,
fedora,,,,,,,,Blue,,,,,35307589-blue,0.0,shopify,deny,oberlo,16.98,16.98,true,false,,https://cdn.shopify.com/s/files/1/0259/7522/6422/products/product-image-1341375847.jpg?v=1586080098,10,,,,,,,,,,,,,,,,,,https://cdn.shopify.com/s/files/1/0259/7522/6422/products/product-image-1341375854.jpg?v=1586080097,lb,,
fedora,,,,,,,,Pink,,,,,35307589-pink,0.0,shopify,deny,oberlo,16.98,16.98,true,false,,https://cdn.shopify.com/s/files/1/0259/7522/6422/products/product-image-1341375860.jpg?v=1586080099,11,,,,,,,,,,,,,,,,,,https://cdn.shopify.com/s/files/1/0259/7522/6422/products/product-image-1341375856.jpg?v=1586080114,lb,,
fedora,,,,,,,,Dark Gray,,,,,35307589-dark-gray,0.0,shopify,deny,oberlo,16.98,16.98,true,false,,https://cdn.shopify.com/s/files/1/0259/7522/6422/products/product-image-1341375851.jpg?v=1586080099,12,,,,,,,,,,,,,,,,,,https://cdn.shopify.com/s/files/1/0259/7522/6422/products/product-image-1341375852.jpg?v=1586080100,lb,,
fedora,,,,,,,,Gray,,,,,35307589-gray,0.0,shopify,deny,oberlo,16.98,16.98,true,false,,https://cdn.shopify.com/s/files/1/0259/7522/6422/products/product-image-1341375859.jpg?v=1586080100,13,,,,,,,,,,,,,,,,,,https://cdn.shopify.com/s/files/1/0259/7522/6422/products/product-image-1341375851.jpg?v=1586080099,lb,,
fedora,,,,,,,,Dark Blue,,,,,35307589-dark-blue,0.0,shopify,deny,oberlo,16.98,16.98,true,false,,https://cdn.shopify.com/s/files/1/0259/7522/6422/products/product-image-1341375853.jpg?v=1586080100,14,,,,,,,,,,,,,,,,,,https://cdn.shopify.com/s/files/1/0259/7522/6422/products/product-image-1341375860.jpg?v=1586080099,lb,,
fedora,,,,,,,,Orange Red,,,,,35307589-orange-red,0.0,shopify,deny,oberlo,16.98,16.98,true,false,,https://cdn.shopify.com/s/files/1/0259/7522/6422/products/product-image-1341375852.jpg?v=1586080100,15,,,,,,,,,,,,,,,,,,https://cdn.shopify.com/s/files/1/0259/7522/6422/products/product-image-1341375859.jpg?v=1586080100,lb,,
fedora,,,,,,,,Rose Red,,,,,35307589-rose-red,0.0,shopify,deny,oberlo,16.98,16.98,true,false,,https://cdn.shopify.com/s/files/1/0259/7522/6422/products/product-image-1341375862.jpg?v=1586080101,16,,,,,,,,,,,,,,,,,,https://cdn.shopify.com/s/files/1/0259/7522/6422/products/product-image-1341375862.jpg?v=1586080101,lb,,
fedora,,,,,,,,,,,,,,,,,,,,,,,https://cdn.shopify.com/s/files/1/0259/7522/6422/products/product-image-1341375856.jpg?v=1586080114,17,,,,,,,,,,,,,,,,,,,,,
skull-cap-beanie,Skull Cap Beanie,Polyester skull cap in 5 different styles. Guaranteed to keep you looking stylish in any weather.,johnvincentio,Hipster hat,Hipster,true,Color,Black,,,,,33871285-as-picture-4,0.0,shopify,deny,oberlo,5.62,5.62,true,false,,https://cdn.shopify.com/s/files/1/0259/7522/6422/products/product-image-1256584956.jpg?v=1586080092,1,,false,,,,,,,,,,,,,,,,https://cdn.shopify.com/s/files/1/0259/7522/6422/products/product-image-1256584965.jpg?v=1586080093,lb,,
skull-cap-beanie,,,,,,,,Navy,,,,,33871285-as-picture-3,0.0,shopify,deny,oberlo,5.62,5.62,true,false,,https://cdn.shopify.com/s/files/1/0259/7522/6422/products/product-image-1256584962.jpg?v=1586080092,2,,,,,,,,,,,,,,,,,,https://cdn.shopify.com/s/files/1/0259/7522/6422/products/product-image-1256584964.jpg?v=1586080093,lb,,
skull-cap-beanie,,,,,,,,Burgundy,,,,,33871285-as-picture,0.0,shopify,deny,oberlo,5.62,5.62,true,false,,https://cdn.shopify.com/s/files/1/0259/7522/6422/products/product-image-1256584963.jpg?v=1586080093,3,,,,,,,,,,,,,,,,,,https://cdn.shopify.com/s/files/1/0259/7522/6422/products/product-image-1256584962.jpg?v=1586080092,lb,,
skull-cap-beanie,,,,,,,,Light gray,,,,,33871285-as-picture-5,0.0,shopify,deny,oberlo,5.62,5.62,true,false,,https://cdn.shopify.com/s/files/1/0259/7522/6422/products/product-image-1256584965.jpg?v=1586080093,4,,,,,,,,,,,,,,,,,,https://cdn.shopify.com/s/files/1/0259/7522/6422/products/product-image-1256584966.jpg?v=1586080094,lb,,
skull-cap-beanie,,,,,,,,Dark gray,,,,,33871285-as-picture-2,0.0,shopify,deny,oberlo,5.62,5.62,true,false,,https://cdn.shopify.com/s/files/1/0259/7522/6422/products/product-image-1256584964.jpg?v=1586080093,5,,,,,,,,,,,,,,,,,,https://cdn.shopify.com/s/files/1/0259/7522/6422/products/product-image-1256584963.jpg?v=1586080093,lb,,
skull-cap-beanie,,,,,,,,,,,,,,,,,,,,,,,https://cdn.shopify.com/s/files/1/0259/7522/6422/products/product-image-1256584966.jpg?v=1586080094,6,,,,,,,,,,,,,,,,,,,,,
vintage-geometric,Vintage Geometric,Various patterned geometric styles beanie from Lovingsha.,johnvincentio,Hipster hat,Hipster,true,Color,White,,,,,1665506-black-china,0.0,shopify,deny,oberlo,5.98,5.98,true,false,,https://cdn.shopify.com/s/files/1/0259/7522/6422/products/product-image-243586967.jpg?v=1586080092,1,,false,,,,,,,,,,,,,,,,https://cdn.shopify.com/s/files/1/0259/7522/6422/products/product-image-243586973.jpg?v=1586080094,lb,,
vintage-geometric,,,,,,,,Green,,,,,1665506-green-china,0.0,shopify,deny,oberlo,5.98,5.98,true,false,,https://cdn.shopify.com/s/files/1/0259/7522/6422/products/product-image-243586974.jpg?v=1586080093,2,,,,,,,,,,,,,,,,,,https://cdn.shopify.com/s/files/1/0259/7522/6422/products/product-image-243586974.jpg?v=1586080093,lb,,
vintage-geometric,,,,,,,,Black,,,,,1665506-black2-china,0.0,shopify,deny,oberlo,5.98,5.98,true,false,,https://cdn.shopify.com/s/files/1/0259/7522/6422/products/product-image-243586976.jpg?v=1586080094,3,,,,,,,,,,,,,,,,,,https://cdn.shopify.com/s/files/1/0259/7522/6422/products/product-image-243586975.jpg?v=1586080094,lb,,
vintage-geometric,,,,,,,,Red,,,,,1665506-red-china,0.0,shopify,deny,oberlo,5.98,5.98,true,false,,https://cdn.shopify.com/s/files/1/0259/7522/6422/products/product-image-243586973.jpg?v=1586080094,4,,,,,,,,,,,,,,,,,,https://cdn.shopify.com/s/files/1/0259/7522/6422/products/product-image-243586976.jpg?v=1586080094,lb,,
vintage-geometric,,,,,,,,,,,,,,,,,,,,,,,https://cdn.shopify.com/s/files/1/0259/7522/6422/products/product-image-243586975.jpg?v=1586080094,5,,,,,,,,,,,,,,,,,,,,,
drew-house-beanie,Drew house beanie,"Casual ""hipster"" drew house beanie. Comes in 2 colours!",johnvincentio,Winter hat,"Hipster, Winter",true,Title,Default Title,,,,,33637132-black,0.0,shopify,deny,oberlo,6.88,6.88,true,false,,https://cdn.shopify.com/s/files/1/0259/7522/6422/products/product-image-1250882130.jpg?v=1590627204,1,,false,,,,,,,,,,,,,,,,,lb,,
drew-house-beanie,,,,,,,,,,,,,,,,,,,,,,,https://cdn.shopify.com/s/files/1/0259/7522/6422/products/product-image-1250882144.jpg?v=1590627204,2,,,,,,,,,,,,,,,,,,,,,
sun-hat,Sun hat,Maershei sun hat with 6 different colours to choose from. Stay stylish this summer while keeping your face protected from the sun's rays.,johnvincentio,Summer hat,Summer,true,Color,White,,,,,33600085-white,0.0,shopify,deny,oberlo,13.90,13.90,true,false,,https://cdn.shopify.com/s/files/1/0259/7522/6422/products/product-image-1249959643.jpg?v=1586080092,1,,false,,,,,,,,,,,,,,,,https://cdn.shopify.com/s/files/1/0259/7522/6422/products/product-image-1249959649.jpg?v=1586080094,lb,,
sun-hat,,,,,,,,Black,,,,,33600085-black,0.0,shopify,deny,oberlo,13.90,13.90,true,false,,https://cdn.shopify.com/s/files/1/0259/7522/6422/products/product-image-1249959653.jpg?v=1586080093,2,,,,,,,,,,,,,,,,,,https://cdn.shopify.com/s/files/1/0259/7522/6422/products/product-image-1249959650.jpg?v=1586080094,lb,,
sun-hat,,,,,,,,Gray,,,,,33600085-gray,0.0,shopify,deny,oberlo,13.90,13.90,true,false,,https://cdn.shopify.com/s/files/1/0259/7522/6422/products/product-image-1249959651.jpg?v=1586080094,3,,,,,,,,,,,,,,,,,,https://cdn.shopify.com/s/files/1/0259/7522/6422/products/product-image-1249959651.jpg?v=1586080094,lb,,
sun-hat,,,,,,,,Navy,,,,,33600085-navy,0.0,shopify,deny,oberlo,13.90,13.90,true,false,,https://cdn.shopify.com/s/files/1/0259/7522/6422/products/product-image-1249959650.jpg?v=1586080094,4,,,,,,,,,,,,,,,,,,https://cdn.shopify.com/s/files/1/0259/7522/6422/products/product-image-1249959652.jpg?v=1586080094,lb,,
sun-hat,,,,,,,,Pink,,,,,33600085-pink,0.0,shopify,deny,oberlo,13.90,13.90,true,false,,https://cdn.shopify.com/s/files/1/0259/7522/6422/products/product-image-1249959649.jpg?v=1586080094,5,,,,,,,,,,,,,,,,,,https://cdn.shopify.com/s/files/1/0259/7522/6422/products/product-image-1249959654.jpg?v=1586080095,lb,,
sun-hat,,,,,,,,Yellow,,,,,33600085-yellow,0.0,shopify,deny,oberlo,13.90,13.90,true,false,,https://cdn.shopify.com/s/files/1/0259/7522/6422/products/product-image-1249959652.jpg?v=1586080094,6,,,,,,,,,,,,,,,,,,https://cdn.shopify.com/s/files/1/0259/7522/6422/products/product-image-1249959653.jpg?v=1586080093,lb,,
sun-hat,,,,,,,,,,,,,,,,,,,,,,,https://cdn.shopify.com/s/files/1/0259/7522/6422/products/product-image-1249959654.jpg?v=1586080095,7,,,,,,,,,,,,,,,,,,,,,
pvc-sunshade-hat,PVC Sunshade Hat,Protect yourself in the sun with this PVC sun hat. Ideal to protect your eyes from the sun's glare.,johnvincentio,Summer hat,Summer,true,Color,Frosted white,,,,,35307588-frosted-white,0.0,shopify,deny,oberlo,3.52,3.52,true,false,,https://cdn.shopify.com/s/files/1/0259/7522/6422/products/product-image-1341375631.jpg?v=1586080093,1,,false,,,,,,,,,,,,,,,,https://cdn.shopify.com/s/files/1/0259/7522/6422/products/product-image-1341375640.jpg?v=1586080095,lb,,
pvc-sunshade-hat,,,,,,,,Yellow,,,,,35307588-yellow,0.0,shopify,deny,oberlo,3.52,3.52,true,false,,https://cdn.shopify.com/s/files/1/0259/7522/6422/products/product-image-1341375644.jpg?v=1586080094,2,,,,,,,,,,,,,,,,,,https://cdn.shopify.com/s/files/1/0259/7522/6422/products/product-image-1341375643.jpg?v=1586080096,lb,,
pvc-sunshade-hat,,,,,,,,White,,,,,35307588-white,0.0,shopify,deny,oberlo,3.52,3.52,true,false,,https://cdn.shopify.com/s/files/1/0259/7522/6422/products/product-image-1341375639.jpg?v=1586080094,3,,,,,,,,,,,,,,,,,,https://cdn.shopify.com/s/files/1/0259/7522/6422/products/product-image-1341375637.jpg?v=1586080094,lb,,
pvc-sunshade-hat,,,,,,,,Red,,,,,35307588-red,0.0,shopify,deny,oberlo,3.52,3.52,true,false,,https://cdn.shopify.com/s/files/1/0259/7522/6422/products/product-image-1341375637.jpg?v=1586080094,4,,,,,,,,,,,,,,,,,,https://cdn.shopify.com/s/files/1/0259/7522/6422/products/product-image-1341375641.jpg?v=1586080095,lb,,
pvc-sunshade-hat,,,,,,,,Purple,,,,,35307588-purple,0.0,shopify,deny,oberlo,3.52,3.52,true,false,,https://cdn.shopify.com/s/files/1/0259/7522/6422/products/product-image-1341375645.jpg?v=1586080095,5,,,,,,,,,,,,,,,,,,https://cdn.shopify.com/s/files/1/0259/7522/6422/products/product-image-1341375645.jpg?v=1586080095,lb,,
pvc-sunshade-hat,,,,,,,,Pink,,,,,35307588-pink,0.0,shopify,deny,oberlo,3.52,3.52,true,false,,https://cdn.shopify.com/s/files/1/0259/7522/6422/products/product-image-1341375641.jpg?v=1586080095,6,,,,,,,,,,,,,,,,,,https://cdn.shopify.com/s/files/1/0259/7522/6422/products/product-image-1341375644.jpg?v=1586080094,lb,,
pvc-sunshade-hat,,,,,,,,Orange,,,,,35307588-orange,0.0,shopify,deny,oberlo,3.52,3.52,true,false,,https://cdn.shopify.com/s/files/1/0259/7522/6422/products/product-image-1341375640.jpg?v=1586080095,7,,,,,,,,,,,,,,,,,,https://cdn.shopify.com/s/files/1/0259/7522/6422/products/product-image-1341375646.jpg?v=1586080097,lb,,
pvc-sunshade-hat,,,,,,,,Green,,,,,35307588-green,0.0,shopify,deny,oberlo,3.52,3.52,true,false,,https://cdn.shopify.com/s/files/1/0259/7522/6422/products/product-image-1341375643.jpg?v=1586080096,8,,,,,,,,,,,,,,,,,,https://cdn.shopify.com/s/files/1/0259/7522/6422/products/product-image-1341375639.jpg?v=1586080094,lb,,
pvc-sunshade-hat,,,,,,,,Blue,,,,,35307588-blue,0.0,shopify,deny,oberlo,3.52,3.52,true,false,,https://cdn.shopify.com/s/files/1/0259/7522/6422/products/product-image-1341375638.jpg?v=1586080096,9,,,,,,,,,,,,,,,,,,https://cdn.shopify.com/s/files/1/0259/7522/6422/products/product-image-1341375642.jpg?v=1586080097,lb,,
pvc-sunshade-hat,,,,,,,,Black,,,,,35307588-black,0.0,shopify,deny,oberlo,3.52,3.52,true,false,,https://cdn.shopify.com/s/files/1/0259/7522/6422/products/product-image-1341375642.jpg?v=1586080097,10,,,,,,,,,,,,,,,,,,https://cdn.shopify.com/s/files/1/0259/7522/6422/products/product-image-1341375638.jpg?v=1586080096,lb,,
pvc-sunshade-hat,,,,,,,,,,,,,,,,,,,,,,,https://cdn.shopify.com/s/files/1/0259/7522/6422/products/product-image-1341375646.jpg?v=1586080097,11,,,,,,,,,,,,,,,,,,,,,
unisex-jazz-hat,Unisex Jazz Hat,<p>The perfect accessory for nights out. Check out this unisex jazz hat available in a variety of colours for all head shapes and sizes.</p>,johnvincentio,Hipster hat,Hipster,true,Color,Dark Gray,,,,,34231989-dark-gray-china,0.0,shopify,deny,oberlo,2.00,4.84,true,false,"",https://cdn.shopify.com/s/files/1/0259/7522/6422/products/product-image-1270040819.jpg?v=1586080093,1,,false,,,,,,,,,,,,,,,,https://cdn.shopify.com/s/files/1/0259/7522/6422/products/product-image-1319190190.jpg?v=1586080094,lb,,
unisex-jazz-hat,,,,,,,,Coffee,,,,,34231989-coffee-china,0.0,shopify,deny,oberlo,2.00,4.84,true,false,"",https://cdn.shopify.com/s/files/1/0259/7522/6422/products/product-image-1319190193.jpg?v=1586080093,2,,,,,,,,,,,,,,,,,,https://cdn.shopify.com/s/files/1/0259/7522/6422/products/product-image-1319190189.jpg?v=1586080095,lb,,
unisex-jazz-hat,,,,,,,,Brown,,,,,34231989-brown-china,0.0,shopify,deny,oberlo,2.00,4.84,true,false,"",https://cdn.shopify.com/s/files/1/0259/7522/6422/products/product-image-1319190194.jpg?v=1586080093,3,,,,,,,,,,,,,,,,,,https://cdn.shopify.com/s/files/1/0259/7522/6422/products/product-image-1319190188.jpg?v=1586080095,lb,,
unisex-jazz-hat,,,,,,,,Blue,,,,,34231989-blue-china,0.0,shopify,deny,oberlo,2.00,4.84,true,false,"",https://cdn.shopify.com/s/files/1/0259/7522/6422/products/product-image-1319190190.jpg?v=1586080094,4,,,,,,,,,,,,,,,,,,https://cdn.shopify.com/s/files/1/0259/7522/6422/products/product-image-1319190187.jpg?v=1586080096,lb,,
unisex-jazz-hat,,,,,,,,White,,,,,34231989-white-china,0.0,shopify,deny,oberlo,4.96,4.96,true,false,,https://cdn.shopify.com/s/files/1/0259/7522/6422/products/product-image-1319190185.jpg?v=1586080094,5,,,,,,,,,,,,,,,,,,https://cdn.shopify.com/s/files/1/0259/7522/6422/products/product-image-1319190194.jpg?v=1586080093,lb,,
unisex-jazz-hat,,,,,,,,Red,,,,,34231989-red-china,0.0,shopify,deny,oberlo,4.84,4.84,true,false,,https://cdn.shopify.com/s/files/1/0259/7522/6422/products/product-image-1319190189.jpg?v=1586080095,6,,,,,,,,,,,,,,,,,,https://cdn.shopify.com/s/files/1/0259/7522/6422/products/product-image-1319190193.jpg?v=1586080093,lb,,
unisex-jazz-hat,,,,,,,,Khaki,,,,,34231989-khaki-china,0.0,shopify,deny,oberlo,4.84,4.84,true,false,,https://cdn.shopify.com/s/files/1/0259/7522/6422/products/product-image-1319190188.jpg?v=1586080095,7,,,,,,,,,,,,,,,,,,https://cdn.shopify.com/s/files/1/0259/7522/6422/products/product-image-1319190192.jpg?v=1586080096,lb,,
unisex-jazz-hat,,,,,,,,Gray,,,,,34231989-gray-china,0.0,shopify,deny,oberlo,4.84,4.84,true,false,,https://cdn.shopify.com/s/files/1/0259/7522/6422/products/product-image-1319190186.jpg?v=1586080095,8,,,,,,,,,,,,,,,,,,https://cdn.shopify.com/s/files/1/0259/7522/6422/products/product-image-1319190191.jpg?v=1586080096,lb,,
unisex-jazz-hat,,,,,,,,Black,,,,,34231989-black-china,0.0,shopify,deny,oberlo,4.84,4.84,true,false,,https://cdn.shopify.com/s/files/1/0259/7522/6422/products/product-image-1319190192.jpg?v=1586080096,9,,,,,,,,,,,,,,,,,,https://cdn.shopify.com/s/files/1/0259/7522/6422/products/product-image-1319190186.jpg?v=1586080095,lb,,
unisex-jazz-hat,,,,,,,,Beige,,,,,34231989-beige-china,0.0,shopify,deny,oberlo,5.02,5.02,true,false,,https://cdn.shopify.com/s/files/1/0259/7522/6422/products/product-image-1319190187.jpg?v=1586080096,10,,,,,,,,,,,,,,,,,,https://cdn.shopify.com/s/files/1/0259/7522/6422/products/product-image-1319190185.jpg?v=1586080094,lb,,
unisex-jazz-hat,,,,,,,,,,,,,,,,,,,,,,,https://cdn.shopify.com/s/files/1/0259/7522/6422/products/product-image-1319190191.jpg?v=1586080096,11,,,,,,,,,,,,,,,,,,,,,
palm-printed-summer-hat,Palm Printed Summer Hat,A casual fedora for the beach. Palm printed summer hat with 5 different shades to choose from.,johnvincentio,Summer hat,"Palm, Printed, Straw, Summer",true,Color,Brown,Size,Small,,,33120696-brown,0.0,shopify,deny,oberlo,7.06,7.06,true,false,,https://cdn.shopify.com/s/files/1/0259/7522/6422/products/product-image-1321952538.jpg?v=1588659948,1,,false,,,,,,,,,,,,,,,,https://cdn.shopify.com/s/files/1/0259/7522/6422/products/product-image-1321952538.jpg?v=1588659948,lb,,
palm-printed-summer-hat,,,,,,,,Brown,,Medium,,,33120696-brown,0.0,shopify,deny,oberlo,7.06,7.06,true,false,,https://cdn.shopify.com/s/files/1/0259/7522/6422/products/product-image-1321952531.jpg?v=1588659948,2,,,,,,,,,,,,,,,,,,https://cdn.shopify.com/s/files/1/0259/7522/6422/products/product-image-1321952538.jpg?v=1588659948,lb,,
palm-printed-summer-hat,,,,,,,,White,,Small,,,33120696-white,0.0,shopify,deny,oberlo,6.96,6.96,true,false,,https://cdn.shopify.com/s/files/1/0259/7522/6422/products/product-image-1321952540.jpg?v=1588659948,3,,,,,,,,,,,,,,,,,,https://cdn.shopify.com/s/files/1/0259/7522/6422/products/product-image-1321952537.jpg?v=1588659948,lb,,
palm-printed-summer-hat,,,,,,,,White,,Medium,,,33120696-white,0.0,shopify,deny,oberlo,6.96,6.96,true,false,,https://cdn.shopify.com/s/files/1/0259/7522/6422/products/product-image-1321952539.jpg?v=1588659948,4,,,,,,,,,,,,,,,,,,https://cdn.shopify.com/s/files/1/0259/7522/6422/products/product-image-1321952537.jpg?v=1588659948,lb,,
palm-printed-summer-hat,,,,,,,,White,,Large,,,33120696-white,0.0,shopify,deny,oberlo,6.96,6.96,true,false,,https://cdn.shopify.com/s/files/1/0259/7522/6422/products/product-image-1321952537.jpg?v=1588659948,5,,,,,,,,,,,,,,,,,,https://cdn.shopify.com/s/files/1/0259/7522/6422/products/product-image-1321952537.jpg?v=1588659948,lb,,
palm-printed-summer-hat,,,,,,,,Beige,,Small,,,33120696-beige,0.0,shopify,deny,oberlo,7.02,7.02,true,false,,,,,,,,,,,,,,,,,,,,,https://cdn.shopify.com/s/files/1/0259/7522/6422/products/product-image-1321952539.jpg?v=1588659948,lb,,
palm-printed-summer-hat,,,,,,,,Beige,,Medium,,,33120696-beige,0.0,shopify,deny,oberlo,7.02,7.02,true,false,,,,,,,,,,,,,,,,,,,,,https://cdn.shopify.com/s/files/1/0259/7522/6422/products/product-image-1321952539.jpg?v=1588659948,lb,,
palm-printed-summer-hat,,,,,,,,Beige,,Large,,,33120696-beige,0.0,shopify,deny,oberlo,7.02,7.02,true,false,,,,,,,,,,,,,,,,,,,,,https://cdn.shopify.com/s/files/1/0259/7522/6422/products/product-image-1321952539.jpg?v=1588659948,lb,,
palm-printed-summer-hat,,,,,,,,Ivory,,Small,,,33120696-ivory,0.0,shopify,deny,oberlo,6.92,6.92,true,false,,,,,,,,,,,,,,,,,,,,,https://cdn.shopify.com/s/files/1/0259/7522/6422/products/product-image-1321952540.jpg?v=1588659948,lb,,
palm-printed-summer-hat,,,,,,,,Ivory,,Medium,,,33120696-ivory,0.0,shopify,deny,oberlo,6.92,6.92,true,false,,,,,,,,,,,,,,,,,,,,,https://cdn.shopify.com/s/files/1/0259/7522/6422/products/product-image-1321952540.jpg?v=1588659948,lb,,
palm-printed-summer-hat,,,,,,,,Ivory,,Large,,,33120696-ivory,0.0,shopify,deny,oberlo,6.92,6.92,true,false,,,,,,,,,,,,,,,,,,,,,https://cdn.shopify.com/s/files/1/0259/7522/6422/products/product-image-1321952540.jpg?v=1588659948,lb,,
